{
    "name": "Quiet Contemplation",
    "description": "Draws upon your inner energy, restoring health over time. Must remain still while holding a book.",
    "condition": {
        "type": "origins:and",
        "conditions": [
            {
                "inverted": true,
                "type": "origins:moving"
            },
            {
                "type": "origins:or",
                "conditions": [
                    {
                        "type": "origins:equipped_item",
                        "equipment_slot": "mainhand",
                        "item_condition": {
                            "type": "origins:ingredient",
                            "ingredient": {
                                "item": "minecraft:book"
                            }
                        }
                    },
                    {
                        "type": "origins:equipped_item",
                        "equipment_slot": "offhand",
                        "item_condition": {
                            "type": "origins:ingredient",
                            "ingredient": {
                                "item": "minecraft:book"
                            }
                        }
                    }
                ]
            }
        ]
    },
    "type": "origins:action_over_time",
    "interval": 20,
    "entity_action": {
        "type": "origins:heal",
        "amount": 1
    }
}