{
    "name": "Petal Burst",
    "description": "Dash forward, gaining invisibility and speed. Consumes some hunger.",
    "condition": {
        "type": "origins:food_level",
        "comparison": ">",
        "compare_to": 6
    },
    "type": "origins:active_self",
    "entity_action": {
        "type": "origins:and",
        "actions": [
            {
                "type": "origins:add_velocity",
                "z": 2,
                "space": "local",
                "client": true,
                "server": true,
                "set": true
            },
            {
                "type": "origins:apply_effect",
                "effect": {
                    "effect": "minecraft:speed",
                    "duration": 20,
                    "amplifier": 1,
                    "is_ambient": true,
                    "show_particles": false,
                    "show_icon": false
                }
            },
            {
                "type": "origins:play_sound",
                "sound": "minecraft:entity.ender_dragon.flap",
                "volume": 1,
                "pitch": 1.5
            },
            {
                "type": "origins:exhaust",
                "amount": 20
            },
            {
                "type": "origins:grant_power",
                "power": "prenroke_custom_origins:ruby/petal_burst_effect",
                "source": "0"
            },
            {
                "type": "origins:grant_power",
                "power": "prenroke_custom_origins:ruby/petal_burst_invis",
                "source": "0"
            },
            {
                "type": "origins:delay",
                "action": {
                    "type": "origins:and",
                    "actions": [
                        {
                            "type": "origins:revoke_power",
                            "power": "prenroke_custom_origins:ruby/petal_burst_effect",
                            "source": "0"
                        },
                        {
                            "type": "origins:revoke_power",
                            "power": "prenroke_custom_origins:ruby/petal_burst_invis",
                            "source": "0"
                        }
                    ]
                },
                "ticks": 20
            }
        ]
    },
    "cooldown": 40,
    "hud_render": {
        "should_render": true,
        "sprite_location": "origins:textures/gui/community/spiderkolo/resource_bar_02.png",
        "bar_index": 14
    },
    "key": {
        "key": "key.origins.primary_active"
    }
}