{
    "name": "Gnaw",
    "description": "Consume a bone to gain three temporary hearts.",
    "condition": {
        "type": "origins:or",
        "conditions": [
            {
                "type": "origins:equipped_item",
                "equipment_slot": "mainhand",
                "item_condition": {
                    "type": "origins:ingredient",
                    "ingredient": {
                        "item": "minecraft:bone"
                    }
                }
            },
            {
                "type": "origins:equipped_item",
                "equipment_slot": "offhand",
                "item_condition": {
                    "type": "origins:ingredient",
                    "ingredient": {
                        "item": "minecraft:bone"
                    }
                }
            }
        ]
    },
    "type": "origins:active_self",
    "entity_action": {
        "type": "origins:modify_inventory",
        "inventory_type": "inventory",
        "entity_action": {
            "type": "origins:and",
            "actions": [
                {
                    "type": "origins:apply_effect",
                    "effect": {
                        "effect": "minecraft:absorption",
                        "duration": 2400,
                        "amplifier": 1,
                        "is_ambient": true,
                        "show_particles": false,
                        "show_icon": false
                    }
                },
                {
                    "type": "origins:play_sound",
                    "sound": "minecraft:entity.player.burp",
                    "volume": 1,
                    "pitch": 0.7
                }
            ]
        },
        "item_action": {
            "type": "origins:consume",
            "amount": 1
        },
        "item_condition": {
            "type": "origins:ingredient",
            "ingredient": {
                "item": "minecraft:bone"
            }
        },
        "slots": [],
        "process_mode": "items",
        "limit": 1
    },
    "cooldown": 2400,
    "hud_render": {
        "should_render": true,
        "sprite_location": "origins:textures/gui/community/spiderkolo/resource_bar_03.png",
        "bar_index": 5
    },
    "key": {
        "key": "key.use"
    }
}