{
    "name": "Ravenous",
    "description": "Hit creatures to restore hunger. When your hunger bar is full, restore one heart per hit.",
    "condition": {
        "type": "origins:food_level",
        "comparison": "<",
        "compare_to": 20
    },
    "type": "origins:action_on_hit",
    "bientity_action": {
        "type": "origins:actor_action",
        "action": {
            "type": "origins:and",
            "actions": [
                {
                    "type": "origins:feed",
                    "food": 5,
                    "saturation": 0
                },
                {
                    "type": "origins:play_sound",
                    "sound": "entity.generic.eat",
                    "volume": 1,
                    "pitch": 1
                }
            ]
        }
    },
    "cooldown": 1
}