{
    "name": "hot_air_effects",
    "description": "used for scripting",
    "hidden": true,
    "type": "origins:multiple",
    "swim": {
        "condition": {
            "type": "origins:power_active",
            "power": "prenroke_custom_origins:balloon/toggle_hot_air"
        },
        "type": "origins:swimming"
    },
    "regen_over_time": {
        "condition": {
            "inverted": true,
            "type": "origins:power_active",
            "power": "prenroke_custom_origins:balloon/toggle_hot_air"
        },
        "type": "origins:action_over_time",
        "interval": 60,
        "entity_action": {
            "type": "origins:modify_resource",
            "resource": "prenroke_custom_origins:balloon/hot_air_resource",
            "modifier": {
                "operation": "add_base_early",
                "value": 1
            }
        }
    },
    "drain_over_time": {
        "condition": {
            "type": "origins:power_active",
            "power": "prenroke_custom_origins:balloon/toggle_hot_air"
        },
        "type": "origins:action_over_time",
        "interval": 20,
        "entity_action": {
            "type": "origins:modify_resource",
            "resource": "prenroke_custom_origins:balloon/hot_air_resource",
            "modifier": {
                "operation": "add_base_early",
                "value": -1
            }
        }
    },
    "sound_over_time": {
        "condition": {
            "type": "origins:power_active",
            "power": "prenroke_custom_origins:balloon/toggle_hot_air"
        },
        "type": "origins:action_over_time",
        "interval": 100,
        "entity_action": {
            "type": "origins:play_sound",
            "sound": "minecraft:block.campfire.crackle",
            "volume": 1,
            "pitch": 1
        }
    },
    "refuel_with_coal": {
        "condition": {
            "type": "origins:or",
            "conditions": [
                {
                    "type": "origins:equipped_item",
                    "equipment_slot": "mainhand",
                    "item_condition": {
                        "type": "origins:ingredient",
                        "ingredient": {
                            "item": "minecraft:charcoal"
                        }
                    }
                },
                {
                    "type": "origins:equipped_item",
                    "equipment_slot": "offhand",
                    "item_condition": {
                        "type": "origins:ingredient",
                        "ingredient": {
                            "item": "minecraft:charcoal"
                        }
                    }
                }
            ]
        },
        "type": "origins:active_self",
        "entity_action": {
            "type": "origins:modify_inventory",
            "inventory_type": "inventory",
            "entity_action": {
                "type": "origins:and",
                "actions": [
                    {
                        "type": "origins:modify_resource",
                        "resource": "prenroke_custom_origins:balloon/hot_air_resource",
                        "modifier": {
                            "operation": "add_base_early",
                            "value": 30
                        }
                    },
                    {
                        "type": "origins:play_sound",
                        "sound": "minecraft:entity.blaze.shoot",
                        "volume": 1,
                        "pitch": 1
                    },
                    {
                        "type": "origins:spawn_particles",
                        "particle": "minecraft:small_flame",
                        "count": 40,
                        "speed": 0.02,
                        "spread": {
                            "x": 0.25,
                            "y": 0.25,
                            "z": 0.25
                        }
                    }
                ]
            },
            "item_action": {
                "type": "origins:consume",
                "amount": 1
            },
            "item_condition": {
                "type": "origins:ingredient",
                "ingredient": {
                    "item": "minecraft:charcoal"
                }
            },
            "slots": [],
            "process_mode": "items",
            "limit": 1
        },
        "cooldown": 100,
        "key": {
            "key": "key.use"
        }
    },
    "stay_in_place": {
        "condition": {
            "type": "origins:power_active",
            "power": "prenroke_custom_origins:balloon/toggle_hot_air"
        },
        "type": "origins:climbing",
        "allow_holding": true
    },
    "particle": {
        "condition": {
            "type": "origins:power_active",
            "power": "prenroke_custom_origins:balloon/toggle_hot_air"
        },
        "type": "origins:particle",
        "particle": "minecraft:cloud",
        "frequency": 10,
        "count": 1,
        "speed": 0,
        "spread": {
            "x": 0.25,
            "y": 0.5,
            "z": 0.25
        },
        "offset_y": 0
    }
}