{
    "name": "dirt_eater",
    "description": "hidden",
    "hidden": true,
    "type": "origins:multiple",
    "eat_dirt": {
        "condition": {
            "type": "origins:and",
            "conditions": [
                {
                    "inverted": true,
                    "type": "origins:sneaking"
                },
                {
                    "type": "origins:or",
                    "conditions": [
                        {
                            "type": "origins:equipped_item",
                            "equipment_slot": "mainhand",
                            "item_condition": {
                                "type": "origins:ingredient",
                                "ingredient": {
                                    "item": "minecraft:dirt"
                                }
                            }
                        },
                        {
                            "type": "origins:equipped_item",
                            "equipment_slot": "offhand",
                            "item_condition": {
                                "type": "origins:ingredient",
                                "ingredient": {
                                    "item": "minecraft:dirt"
                                }
                            }
                        }
                    ]
                },
                {
                    "type": "origins:food_level",
                    "comparison": "<",
                    "compare_to": 20
                }
            ]
        },
        "type": "origins:active_self",
        "entity_action": {
            "type": "origins:modify_inventory",
            "inventory_type": "inventory",
            "entity_action": {
                "type": "origins:and",
                "actions": [
                    {
                        "type": "origins:apply_effect",
                        "effect": {
                            "effect": "minecraft:speed",
                            "duration": 600,
                            "amplifier": 1,
                            "is_ambient": true,
                            "show_particles": false,
                            "show_icon": true
                        }
                    },
                    {
                        "type": "origins:feed",
                        "food": 5,
                        "saturation": 0.6
                    },
                    {
                        "type": "origins:play_sound",
                        "sound": "minecraft:entity.player.burp",
                        "volume": 1,
                        "pitch": 1
                    }
                ]
            },
            "item_action": {
                "type": "origins:consume",
                "amount": 1
            },
            "item_condition": {
                "type": "origins:ingredient",
                "ingredient": {
                    "item": "minecraft:dirt"
                }
            },
            "slots": [],
            "process_mode": "items",
            "limit": 1
        },
        "cooldown": 100,
        "key": {
            "key": "key.use"
        }
    },
    "eat_grass": {
        "condition": {
            "type": "origins:and",
            "conditions": [
                {
                    "type": "origins:and",
                    "conditions": [
                        {
                            "inverted": true,
                            "type": "origins:sneaking"
                        }
                    ]
                },
                {
                    "type": "origins:or",
                    "conditions": [
                        {
                            "type": "origins:equipped_item",
                            "equipment_slot": "mainhand",
                            "item_condition": {
                                "type": "origins:ingredient",
                                "ingredient": {
                                    "item": "minecraft:grass_block"
                                }
                            }
                        },
                        {
                            "type": "origins:equipped_item",
                            "equipment_slot": "offhand",
                            "item_condition": {
                                "type": "origins:ingredient",
                                "ingredient": {
                                    "item": "minecraft:grass_block"
                                }
                            }
                        }
                    ]
                },
                {
                    "type": "origins:food_level",
                    "comparison": "<",
                    "compare_to": 20
                }
            ]
        },
        "type": "origins:active_self",
        "entity_action": {
            "type": "origins:modify_inventory",
            "inventory_type": "inventory",
            "entity_action": {
                "type": "origins:and",
                "actions": [
                    {
                        "type": "origins:apply_effect",
                        "effect": {
                            "effect": "minecraft:speed",
                            "duration": 600,
                            "amplifier": 1,
                            "is_ambient": true,
                            "show_particles": false,
                            "show_icon": true
                        }
                    },
                    {
                        "type": "origins:feed",
                        "food": 5,
                        "saturation": 0.6
                    },
                    {
                        "type": "origins:play_sound",
                        "sound": "minecraft:entity.player.burp",
                        "volume": 1,
                        "pitch": 1
                    }
                ]
            },
            "item_action": {
                "type": "origins:consume",
                "amount": 1
            },
            "item_condition": {
                "type": "origins:ingredient",
                "ingredient": {
                    "item": "minecraft:grass_block"
                }
            },
            "slots": [],
            "process_mode": "items",
            "limit": 1
        },
        "cooldown": 100,
        "key": {
            "key": "key.use"
        }
    }
}