{
    "name": "Anger Issues",
    "description": "You have a chance to go blind when you are hit.",
    "type": "origins:action_when_hit",
    "bientity_action": {
        "type": "origins:chance",
        "chance": 0.05,
        "action": {
            "type": "origins:target_action",
            "action": {
                "type": "origins:apply_effect",
                "effect": {
                    "effect": "minecraft:blindness",
                    "duration": 200,
                    "amplifier": 0,
                    "is_ambient": true,
                    "show_particles": false,
                    "show_icon": true
                }
            }
        }
    },
    "cooldown": 1
}