{
    "name": "Burn",
    "description": "Go into a frenzy, causing a small fiery explosion and igniting yourself to deal more damage. You gain nausea, weakness, and slowness when this effect ends.",
    "type": "origins:active_self",
    "entity_action": {
        "type": "origins:and",
        "actions": [
            {
                "type": "origins:play_sound",
                "sound": "friendsandfoes:entity.wildfire.shockwave",
                "volume": 4,
                "pitch": 1
            },
            {
                "type": "origins:apply_effect",
                "effect": {
                    "effect": "minecraft:levitation",
                    "duration": 20,
                    "amplifier": 0,
                    "show_particles": false,
                    "show_icon": false
                }
            },
            {
                "type": "origins:delay",
                "action": {
                    "type": "origins:and",
                    "actions": [
                        {
                            "type": "origins:grant_power",
                            "power": "prenroke_custom_origins:yang/fire_aura",
                            "source": "0"
                        },
                        {
                            "type": "origins:add_velocity",
                            "y": -1,
                            "z": 1.5,
                            "space": "local",
                            "client": true,
                            "server": true,
                            "set": true
                        },
                        {
                            "type": "origins:set_on_fire",
                            "duration": 20
                        },
                        {
                            "type": "origins:explode",
                            "power": 1,
                            "destruction_type": "none",
                            "damage_self": false,
                            "create_fire": true
                        },
                        {
                            "type": "origins:play_sound",
                            "sound": "entity.generic.explode",
                            "volume": 4,
                            "pitch": 1
                        },
                        {
                            "type": "origins:spawn_particles",
                            "particle": "explosion_emitter",
                            "count": 1
                        },
                        {
                            "type": "origins:delay",
                            "action": {
                                "type": "origins:and",
                                "actions": [
                                    {
                                        "type": "origins:revoke_power",
                                        "power": "prenroke_custom_origins:yang/fire_aura",
                                        "source": "0"
                                    },
                                    {
                                        "type": "origins:apply_effect",
                                        "effects": [
                                            {
                                                "effect": "minecraft:weakness",
                                                "duration": 200,
                                                "amplifier": 0,
                                                "show_particles": false,
                                                "show_icon": true
                                            },
                                            {
                                                "effect": "minecraft:nausea",
                                                "duration": 200,
                                                "amplifier": 0,
                                                "show_particles": false,
                                                "show_icon": true
                                            },
                                            {
                                                "effect": "minecraft:slowness",
                                                "duration": 200,
                                                "amplifier": 0,
                                                "show_particles": false,
                                                "show_icon": true
                                            }
                                        ]
                                    },
                                    {
                                        "type": "origins:play_sound",
                                        "sound": "block.lava.extinguish",
                                        "volume": 1,
                                        "pitch": 1
                                    }
                                ]
                            },
                            "ticks": 400
                        },
                        {
                            "type": "origins:apply_effect",
                            "effect": {
                                "effect": "minecraft:speed",
                                "duration": 400,
                                "amplifier": 1,
                                "show_particles": false,
                                "show_icon": true
                            }
                        }
                    ]
                },
                "ticks": 20
            }
        ]
    },
    "cooldown": 600,
    "hud_render": {
        "should_render": true,
        "sprite_location": "origins:textures/gui/community/huang/resource_bar_02.png",
        "bar_index": 15
    },
    "key": {
        "key": "key.origins.primary_active"
    }
}