{
    "name": "Gunpowder Gut",
    "description": "Your abnormal body composition allows you to eat gunpowder.",
    "condition": {
        "type": "origins:and",
        "conditions": [
            {
                "type": "origins:food_level",
                "comparison": "<",
                "compare_to": 20
            },
            {
                "type": "origins:or",
                "conditions": [
                    {
                        "type": "origins:equipped_item",
                        "equipment_slot": "mainhand",
                        "item_condition": {
                            "type": "origins:ingredient",
                            "ingredient": {
                                "item": "minecraft:gunpowder"
                            }
                        }
                    },
                    {
                        "type": "origins:equipped_item",
                        "equipment_slot": "offhand",
                        "item_condition": {
                            "type": "origins:ingredient",
                            "ingredient": {
                                "item": "minecraft:gunpowder"
                            }
                        }
                    }
                ]
            }
        ]
    },
    "type": "origins:active_self",
    "entity_action": {
        "type": "origins:modify_inventory",
        "inventory_type": "inventory",
        "entity_action": {
            "type": "origins:and",
            "actions": [
                {
                    "type": "origins:feed",
                    "food": 8,
                    "saturation": 0.8
                },
                {
                    "type": "origins:play_sound",
                    "sound": "minecraft:entity.player.burp",
                    "volume": 1,
                    "pitch": 1
                },
                {
                    "type": "origins:play_sound",
                    "sound": "minecraft:entity.creeper.primed",
                    "volume": 1,
                    "pitch": 1
                },
                {
                    "type": "origins:grant_power",
                    "power": "prenroke_custom_origins:creepass/creeper_shaking",
                    "source": "0"
                },
                {
                    "type": "origins:delay",
                    "action": {
                        "type": "origins:revoke_power",
                        "power": "prenroke_custom_origins:creepass/creeper_shaking",
                        "source": "0"
                    },
                    "ticks": 100
                }
            ]
        },
        "item_action": {
            "type": "origins:consume",
            "amount": 1
        },
        "item_condition": {
            "type": "origins:ingredient",
            "ingredient": {
                "item": "minecraft:gunpowder"
            }
        },
        "slots": [],
        "process_mode": "items",
        "limit": 1
    },
    "cooldown": 100,
    "key": {
        "key": "key.use"
    }
}