{
    "name": "Kamikaze",
    "description": "Press your secondary action key to explode and die like a creeper!",
    "type": "origins:active_self",
    "entity_action": {
        "type": "origins:and",
        "actions": [
            {
                "type": "origins:explode",
                "power": 10,
                "destruction_type": "break",
                "damage_self": true
            },
            {
                "type": "origins:damage",
                "amount": 100,
                "source": {
                    "name": "minecraft:explosion",
                    "bypasses_armor": true,
                    "magic": true
                },
                "damage_type": "minecraft:explosion"
            },
            {
                "type": "origins:spawn_particles",
                "particle": "minecraft:explosion_emitter",
                "count": 20,
                "speed": 1,
                "spread": {
                    "x": 5,
                    "y": 3,
                    "z": 5
                }
            },
            {
                "type": "origins:play_sound",
                "sound": "minecraft:entity.generic.explode",
                "volume": 4,
                "pitch": 1
            },
            {
                "type": "origins:spawn_particles",
                "particle": "minecraft:flash",
                "count": 10,
                "spread": {
                    "x": 5,
                    "y": 3,
                    "z": 5
                }
            },
            {
                "type": "origins:spawn_particles",
                "particle": "minecraft:flame",
                "count": 40,
                "speed": 2,
                "spread": {
                    "x": 1,
                    "y": 0,
                    "z": 1
                }
            }
        ]
    },
    "key": {
        "key": "key.origins.secondary_active"
    }
}