{
    "name": "Leap",
    "description": "Causes an explosion behind you, launching you in whatever direction you are facing.",
    "type": "origins:active_self",
    "entity_action": {
        "type": "origins:and",
        "actions": [
            {
                "type": "origins:explode",
                "power": 0.4,
                "destruction_type": "break",
                "damage_self": true
            },
            {
                "type": "origins:play_sound",
                "sound": "entity.dragon_fireball.explode",
                "volume": 1,
                "pitch": 1
            },
            {
                "type": "origins:spawn_particles",
                "particle": "minecraft:explosion_emitter",
                "count": 1
            },
            {
                "type": "origins:add_velocity",
                "z": 1.8,
                "space": "local",
                "client": true,
                "server": true
            },
            {
                "type": "origins:delay",
                "action": {
                    "type": "origins:play_sound",
                    "sound": "entity.ender_dragon.flap",
                    "volume": 1,
                    "pitch": 1
                },
                "ticks": 2
            },
            {
                "type": "origins:swing_hand",
                "hand": "MAIN_HAND"
            }
        ]
    },
    "cooldown": 20,
    "hud_render": {
        "should_render": true,
        "sprite_location": "origins:textures/gui/community/spiderkolo/resource_bar_01.png",
        "bar_index": 6
    },
    "key": {
        "key": "key.origins.primary_active"
    }
}