{
    "name": "fall_smash",
    "description": "hidden",
    "hidden": true,
    "type": "origins:multiple",
    "land": {
        "type": "origins:action_on_land",
        "entity_action": {
            "type": "origins:and",
            "actions": [
                {
                    "type": "origins:apply_effect",
                    "effect": {
                        "effect": "minecraft:speed",
                        "duration": 80,
                        "amplifier": 1,
                        "is_ambient": true,
                        "show_particles": false,
                        "show_icon": false
                    }
                },
                {
                    "type": "origins:spawn_particles",
                    "particle": "explosion_emitter",
                    "count": 5,
                    "spread": {
                        "x": 4,
                        "y": 0,
                        "z": 4
                    },
                    "offset_y": -1
                },
                {
                    "type": "origins:play_sound",
                    "sound": "entity.generic.explode",
                    "volume": 4,
                    "pitch": 0.6
                },
                {
                    "type": "origins:delay",
                    "action": {
                        "type": "origins:and",
                        "actions": [
                            {
                                "type": "origins:revoke_power",
                                "power": "prenroke_custom_origins:orc_warrior/fall_smash",
                                "source": "0"
                            }
                        ]
                    },
                    "ticks": 2
                },
                {
                    "type": "origins:area_of_effect",
                    "radius": 6,
                    "bientity_action": {
                        "type": "origins:target_action",
                        "action": {
                            "type": "origins:damage",
                            "amount": 6,
                            "damage_type": "player_attack"
                        }
                    }
                }
            ]
        }
    },
    "no_fall": {
        "type": "origins:invulnerability",
        "damage_condition": {
            "type": "origins:from_falling"
        }
    }
}