{
    "name": "Big Ol' Orc",
    "description": "You are larger than the average human. You fall 40% faster, cannot use an elytra, and your hunger drains 25% faster.",
    "type": "origins:multiple",
    "falling": {
        "type": "origins:modify_falling",
        "velocity": 0.112,
        "take_fall_damage": true
    },
    "width": {
        "type": "extraorigins:modify_size",
        "scale": 1.2,
        "scale_types": [
            "pehkui:width"
        ]
    },
    "height": {
        "type": "extraorigins:modify_size",
        "scale": 1.2,
        "scale_types": [
            "pehkui:height"
        ]
    },
    "no_elytra": {
        "type": "origins:prevent_elytra_flight"
    },
    "hunger_drain": {
        "type": "origins:modify_exhaustion",
        "modifier": {
            "operation": "multiply_base",
            "value": 0.25
        }
    }
}